{
  "auditReportVersion": 2,
  "vulnerabilities": {
    "diff": {
      "name": "diff",
      "severity": "low",
      "isDirect": false,
      "via": [
        {
          "source": 1112489,
          "name": "diff",
          "dependency": "diff",
          "title": "jsdiff has a Denial of Service vulnerability in parsePatch and applyPatch",
          "url": "https://github.com/advisories/GHSA-73rr-hh4g-fpgx",
          "severity": "low",
          "cwe": [
            "CWE-400",
            "CWE-1333"
          ],
          "cvss": {
            "score": 0,
            "vectorString": null
          },
          "range": "<4.0.4"
        }
      ],
      "effects": [],
      "range": "<4.0.4",
      "nodes": [
        "node_modules/diff"
      ],
      "fixAvailable": true
    }
  },
  "metadata": {
    "vulnerabilities": {
      "info": 0,
      "low": 1,
      "moderate": 0,
      "high": 0,
      "critical": 0,
      "total": 1
    },
    "dependencies": {
      "prod": 394,
      "dev": 116,
      "optional": 48,
      "peer": 0,
      "peerOptional": 0,
      "total": 530
    }
  }
}
