{
  "ok": false,
  "errorCode": "HALLUCINATION_DETECTED",
  "message": "Optical verification failed.",
  "auditEventId": "cmkszejw5000ncrrske0o9taw",
  "detail": {
    "anchorId": "cmkszej6x0009crrs9nprjev0",
    "exhibitId": "cmkszej6g0007crrs9807euff",
    "similarity": 0.023391812865497075,
    "extractedText": "Asset Purchase Agreement (Excerpt) Page 1/12 Article 1. Definitions and Interpretations. Section 4.2 (Representations) The Seller represents that no material adverse change has occurred and all disclosures are complete. Section 7.1 (Conditions) Closing is conditioned on delivery of all schedules, certificates, and tax clearance letters. Section 9.3 (Notice) All notices shall be in writing and delivered via certified mail or electronic service. Executed by the parties on January 5, 2024, in Detroit, Michigan.",
    "citedQuote": "Anchor proof"
  }
}