{
  "startedAt": "2026-01-25T00:09:34.395Z",
  "workspaceId": "cmkszej590001crrsqu7yxfu3",
  "cases": [
    {
      "name": "anchored_pass",
      "ok": false,
      "durationMs": 938,
      "auditEventId": null,
      "timestamp": "2026-01-25T00:09:35.333Z"
    },
    {
      "name": "withheld_case",
      "ok": true,
      "durationMs": 86,
      "auditEventId": "cmkszejz7000rcrrs6e6p5n3b",
      "timestamp": "2026-01-25T00:09:35.419Z",
      "errorCode": "WITHHELD"
    },
    {
      "name": "integrity_verify",
      "ok": true,
      "durationMs": 148,
      "auditEventId": "cmkszek3f0011crrszmkjzzfq",
      "timestamp": "2026-01-25T00:09:35.567Z"
    }
  ],
  "finishedAt": "2026-01-25T00:09:35.567Z"
}